{"accuracy": 0.8603945371775418, "auc": 0.9242584745762712, "precision": 0.8166666666666667, "recall": 0.6550802139037433}